"trt","Date","Moisture"
"cntl",2021-04-12,0.213941818181818
"cntl",2021-04-13,0.237613333333333
"cntl",2021-04-14,0.251988333333333
"cntl",2021-04-15,0.257316666666667
"cntl",2021-04-16,0.264133333333333
"cntl",2021-04-17,0.273938333333333
"cntl",2021-04-18,0.273833333333333
"cntl",2021-04-19,0.273443333333333
"cntl",2021-04-20,0.273978333333333
"cntl",2021-04-21,0.274556666666667
"cntl",2021-04-22,0.275776666666667
"cntl",2021-04-23,0.275743333333333
"cntl",2021-04-24,0.275528333333333
"cntl",2021-04-25,0.275585
"cntl",2021-04-26,0.275551666666667
"cntl",2021-04-27,0.296185
"cntl",2021-04-28,0.356845
"cntl",2021-04-29,0.33789
"cntl",2021-04-30,0.329383333333333
"cntl",2021-05-01,0.323198333333333
"cntl",2021-05-02,0.318518333333333
"cntl",2021-05-03,0.336328333333333
"cntl",2021-05-04,0.338426666666667
"cntl",2021-05-05,0.331965
"cntl",2021-05-06,0.327095
"cntl",2021-05-07,0.323261666666667
"cntl",2021-05-08,0.319758333333333
"cntl",2021-05-09,0.315753333333333
"cntl",2021-05-10,0.327871666666667
"cntl",2021-05-11,0.349593333333333
"cntl",2021-05-12,0.357961666666667
"cntl",2021-05-13,0.341961666666667
"cntl",2021-05-14,0.333856666666667
"cntl",2021-05-15,0.330826666666667
"cntl",2021-05-16,0.329276666666667
"cntl",2021-05-17,0.326323333333333
"cntl",2021-05-18,0.324921666666667
"cntl",2021-05-19,0.322648333333333
"cntl",2021-05-20,0.320021666666667
"cntl",2021-05-21,0.316021666666667
"cntl",2021-05-22,0.313055
"cntl",2021-05-23,0.314216666666667
"cntl",2021-05-24,0.311123333333333
"cntl",2021-05-25,0.30713
"cntl",2021-05-26,0.302466666666667
"cntl",2021-05-27,0.297291666666667
"cntl",2021-05-28,0.290646666666667
"cntl",2021-05-29,0.285048333333333
"cntl",2021-05-30,0.284775
"cntl",2021-05-31,0.284546666666667
"cntl",2021-06-01,0.282021666666667
"cntl",2021-06-02,0.279645
"cntl",2021-06-03,0.274613333333333
"cntl",2021-06-04,0.266903333333333
"cntl",2021-06-05,0.258003333333333
"cntl",2021-06-06,0.249836666666667
"cntl",2021-06-07,0.241706666666667
"cntl",2021-06-08,0.255015
"cntl",2021-06-09,0.332163333333333
"cntl",2021-06-10,0.309205
"cntl",2021-06-11,0.2928
"cntl",2021-06-12,0.277531666666667
"cntl",2021-06-13,0.262843333333333
"cntl",2021-06-14,0.250173333333333
"cntl",2021-06-15,0.236898333333333
"cntl",2021-06-16,0.226273333333333
"cntl",2021-06-17,0.218588333333333
"cntl",2021-06-18,0.22261
"cntl",2021-06-19,0.261838333333333
"cntl",2021-06-20,0.24318
"cntl",2021-06-21,0.233113333333333
"cntl",2021-06-22,0.223198333333333
"cntl",2021-06-23,0.214108333333333
"cntl",2021-06-24,0.20846
"cntl",2021-06-25,0.206128333333333
"cntl",2021-06-26,0.204183333333333
"cntl",2021-06-27,0.20167
"cntl",2021-06-28,0.199658333333333
"cntl",2021-06-29,0.197256666666667
"cntl",2021-06-30,0.195148333333333
"cntl",2021-07-01,0.194395
"cntl",2021-07-02,0.195108333333333
"cntl",2021-07-03,0.192606666666667
"cntl",2021-07-04,0.190388333333333
"cntl",2021-07-05,0.188355
"cntl",2021-07-06,0.186743333333333
"cntl",2021-07-07,0.184355
"cntl",2021-07-08,0.182143333333333
"cntl",2021-07-09,0.179915
"cntl",2021-07-10,0.177723333333333
"cntl",2021-07-11,0.175626666666667
"cntl",2021-07-12,0.173018333333333
"cntl",2021-07-13,0.17101
"cntl",2021-07-14,0.172871666666667
"cntl",2021-07-15,0.178336666666667
"cntl",2021-07-16,0.17423
"cntl",2021-07-17,0.172028333333333
"cntl",2021-07-18,0.17088
"cntl",2021-07-19,0.169775
"cntl",2021-07-20,0.168313333333333
"cntl",2021-07-21,0.167368333333333
"cntl",2021-07-22,0.166073333333333
"cntl",2021-07-23,0.165173333333333
"cntl",2021-07-24,0.163306666666667
"cntl",2021-07-25,0.162561666666667
"cntl",2021-07-26,0.161466666666667
"cntl",2021-07-27,0.160293333333333
"cntl",2021-07-28,0.15944
"cntl",2021-07-29,0.158413333333333
"cntl",2021-07-30,0.157093333333333
"cntl",2021-07-31,0.155465
"cntl",2021-08-01,0.154348333333333
"cntl",2021-08-02,0.15374
"cntl",2021-08-03,0.153593333333333
"cntl",2021-08-04,0.154858333333333
"cntl",2021-08-05,0.153481666666667
"cntl",2021-08-06,0.154051666666667
"cntl",2021-08-07,0.15442
"cntl",2021-08-08,0.15312
"cntl",2021-08-09,0.153405
"cntl",2021-08-10,0.152856666666667
"cntl",2021-08-11,0.152553333333333
"cntl",2021-08-12,0.152618333333333
"cntl",2021-08-13,0.15209
"cntl",2021-08-14,0.151778333333333
"cntl",2021-08-15,0.15132
"cntl",2021-08-16,0.15028
"cntl",2021-08-17,0.149781666666667
"cntl",2021-08-18,0.149078333333333
"cntl",2021-08-19,0.148048333333333
"cntl",2021-08-20,0.147958333333333
"cntl",2021-08-21,0.145521666666667
"cntl",2021-08-22,0.145731666666667
"cntl",2021-08-23,0.145933333333333
"cntl",2021-08-24,0.145976666666667
"cntl",2021-08-25,0.146185
"cntl",2021-08-26,0.148101666666667
"cntl",2021-08-27,0.154971666666667
"cntl",2021-08-28,0.150901666666667
"cntl",2021-08-29,0.1492
"cntl",2021-08-30,0.148138333333333
"cntl",2021-08-31,0.147978333333333
"cntl",2021-09-01,0.1479
"cntl",2021-09-02,0.148336666666667
"cntl",2021-09-03,0.149155
"cntl",2021-09-04,0.153946666666667
"cntl",2021-09-05,0.149666666666667
"cntl",2021-09-06,0.148745
"cntl",2021-09-07,0.148243333333333
"cntl",2021-09-08,0.147903333333333
"cntl",2021-09-09,0.147543333333333
"cntl",2021-09-10,0.147341666666667
"cntl",2021-09-11,0.147518333333333
"cntl",2021-09-12,0.146198333333333
"cntl",2021-09-13,0.1446
"cntl",2021-09-14,0.144163333333333
"cntl",2021-09-15,0.14375
"cntl",2021-09-16,0.143146666666667
"cntl",2021-09-17,0.141823333333333
"cntl",2021-09-18,0.141085
"cntl",2021-09-19,0.14222
"cntl",2021-09-20,0.140371666666667
"cntl",2021-09-21,0.137786666666667
"cntl",2021-09-22,0.137388333333333
"cntl",2021-09-23,0.13767
"cntl",2021-09-24,0.1376
"cntl",2021-09-25,0.137423333333333
"cntl",2021-09-26,0.13738
"cntl",2021-09-27,0.137176666666667
"cntl",2021-09-28,0.13679
"cntl",2021-09-29,0.135256666666667
"cntl",2021-09-30,0.132838333333333
"cntl",2021-10-01,0.13222
"cntl",2021-10-02,0.131978333333333
"cntl",2021-10-03,0.131676666666667
"cntl",2021-10-04,0.131826666666667
"cntl",2021-10-05,0.13155
"cntl",2021-10-06,0.131665
"cntl",2021-10-07,0.131996666666667
"cntl",2021-10-08,0.130775
"cntl",2021-10-09,0.129741666666667
"cntl",2021-10-10,0.128593333333333
"cntl",2021-10-11,0.12736
"cntl",2021-10-12,0.12604
"cntl",2021-10-13,0.127406666666667
"cntl",2021-10-14,0.12808
"cntl",2021-10-15,0.125593333333333
"cntl",2021-10-16,0.12563
"cntl",2021-10-17,0.125626666666667
"cntl",2021-10-18,0.126185
"cntl",2021-10-19,0.13359
"cntl",2021-10-20,0.146703333333333
"cntl",2021-10-21,0.143013333333333
"cntl",2021-10-22,0.141228333333333
"cntl",2021-10-23,0.139508333333333
"cntl",2021-10-24,0.138788333333333
"cntl",2021-10-25,0.138063333333333
"cntl",2021-10-26,0.137763333333333
"cntl",2021-10-27,0.136978333333333
"cntl",2021-10-28,0.136323333333333
"cntl",2021-10-29,0.136428333333333
"cntl",2021-10-30,0.136901666666667
"cntl",2021-10-31,0.136456666666667
"cntl",2021-11-01,0.138715
"cntl",2021-11-02,0.147368333333333
"cntl",2021-11-03,0.152213333333333
"cntl",2021-11-04,0.15099
"cntl",2021-11-05,0.151311666666667
"cntl",2021-11-06,0.150616666666667
"cntl",2021-11-07,0.150518333333333
"cntl",2021-11-08,0.150175
"cntl",2021-11-09,0.148865
"cntl",2021-11-10,0.14939
"cntl",2021-11-11,0.147863333333333
"cntl",2021-11-12,0.147753333333333
"cntl",2021-11-13,0.148458333333333
"cntl",2021-11-14,0.148385
"cntl",2021-11-15,0.149345
"cntl",2021-11-16,0.14917
"cntl",2021-11-17,0.146923333333333
"cntl",2021-11-18,0.143306666666667
"cntl",2021-11-19,0.144888333333333
"cntl",2021-11-20,0.145055
"cntl",2021-11-21,0.14413
"cntl",2021-11-22,0.144551666666667
"cntl",2021-11-23,0.144376666666667
"cntl",2021-11-24,0.144316666666667
"cntl",2021-11-25,0.142275
"cntl",2021-11-26,0.144023333333333
"cntl",2021-11-27,0.14429
"cntl",2021-11-28,0.143681666666667
"cntl",2021-11-29,0.14522
"cntl",2021-11-30,0.144861666666667
"cntl",2021-12-01,0.145178333333333
"cntl",2021-12-02,0.145613333333333
"cntl",2021-12-03,0.144738333333333
"cntl",2021-12-04,0.14313
"cntl",2021-12-05,0.14357
"cntl",2021-12-06,0.140811666666667
"cntl",2021-12-07,0.141205
"cntl",2021-12-08,0.141391666666667
"cntl",2021-12-09,0.141235
"cntl",2021-12-10,0.140231666666667
"cntl",2021-12-11,0.13801
"cntl",2021-12-12,0.13893
"cntl",2021-12-13,0.138533333333333
"cntl",2021-12-14,0.138211666666667
"cntl",2021-12-15,0.13798
"cntl",2021-12-16,0.136691666666667
"cntl",2021-12-17,0.136165
"cntl",2021-12-18,0.134616666666667
"cntl",2021-12-19,0.135471666666667
"cntl",2021-12-20,0.136738333333333
"cntl",2021-12-21,0.137488333333333
"cntl",2021-12-22,0.137715
"cntl",2021-12-23,0.137943333333333
"cntl",2021-12-24,0.137498333333333
"cntl",2021-12-25,0.135446666666667
"cntl",2021-12-26,0.13531
"cntl",2021-12-27,0.135006666666667
"cntl",2021-12-28,0.134465
"cntl",2021-12-29,0.133931666666667
"cntl",2021-12-30,0.133383333333333
"cntl",2021-12-31,0.133306666666667
"cntl",2022-01-01,0.132643333333333
"cntl",2022-01-02,0.132058333333333
"cntl",2022-01-03,0.132626666666667
"cntl",2022-01-04,0.133068333333333
"cntl",2022-01-05,0.132446666666667
"cntl",2022-01-06,0.131803333333333
"cntl",2022-01-07,0.133851666666667
"cntl",2022-01-08,0.136303333333333
"cntl",2022-01-09,0.135338333333333
"cntl",2022-01-10,0.135095
"cntl",2022-01-11,0.135453333333333
"cntl",2022-01-12,0.136486666666667
"cntl",2022-01-13,0.151163333333333
"cntl",2022-01-14,0.172718333333333
"cntl",2022-01-15,0.168571666666667
"cntl",2022-01-16,0.167756666666667
"cntl",2022-01-17,0.168971666666667
"cntl",2022-01-18,0.172178333333333
"cntl",2022-01-19,0.169721666666667
"cntl",2022-01-20,0.164293333333333
"cntl",2022-01-21,0.163876666666667
"cntl",2022-01-22,0.159741666666667
"cntl",2022-01-23,0.157223333333333
"cntl",2022-01-24,0.157773333333333
"cntl",2022-01-25,0.157696666666667
"cntl",2022-01-26,0.155835
"cntl",2022-01-27,0.154111666666667
"cntl",2022-01-28,0.15196
"cntl",2022-01-29,0.15286
"cntl",2022-01-30,0.154948333333333
"cntl",2022-01-31,0.158548333333333
"cntl",2022-02-01,0.15566
"cntl",2022-02-02,0.15464
"cntl",2022-02-03,0.152771666666667
"cntl",2022-02-04,0.151158333333333
"cntl",2022-02-05,0.15309
"cntl",2022-02-06,0.154516666666667
"cntl",2022-02-07,0.155465
"cntl",2022-02-08,0.159011666666667
"cntl",2022-02-09,0.161026666666667
"cntl",2022-02-10,0.165423333333333
"cntl",2022-02-11,0.16933
"cntl",2022-02-12,0.164253333333333
"cntl",2022-02-13,0.160693333333333
"cntl",2022-02-14,0.162511666666667
"cntl",2022-02-15,0.166226666666667
"cntl",2022-02-16,0.170301666666667
"cntl",2022-02-17,0.170758333333333
"cntl",2022-02-18,0.16936
"cntl",2022-02-19,0.169385
"cntl",2022-02-20,0.173591666666667
"cntl",2022-02-21,0.173265
"cntl",2022-02-22,0.161925
"cntl",2022-02-23,0.1523
"cntl",2022-02-24,0.14861
"cntl",2022-02-25,0.148273333333333
"cntl",2022-02-26,0.147046666666667
"cntl",2022-02-27,0.150396666666667
"cntl",2022-02-28,0.161323333333333
"cntl",2022-03-01,0.172218333333333
"cntl",2022-03-02,0.180808333333333
"cntl",2022-03-03,0.182701666666667
"cntl",2022-03-04,0.183543333333333
"cntl",2022-03-05,0.183986666666667
"cntl",2022-03-06,0.18293
"cntl",2022-03-07,0.182123333333333
"cntl",2022-03-08,0.180803333333333
"cntl",2022-03-09,0.181273333333333
"cntl",2022-03-10,0.17998
"cntl",2022-03-11,0.176825
"cntl",2022-03-12,0.183483333333333
"cntl",2022-03-13,0.216901666666667
"cntl",2022-03-14,0.23621
"cntl",2022-03-15,0.240413333333333
"cntl",2022-03-16,0.242953333333333
"cntl",2022-03-17,0.247075
"cntl",2022-03-18,0.25043
"cntl",2022-03-19,0.25078
"cntl",2022-03-20,0.251146666666667
"cntl",2022-03-21,0.250815
"cntl",2022-03-22,0.249551666666667
"cntl",2022-03-23,0.249448333333333
"cntl",2022-03-24,0.24982
"cntl",2022-03-25,0.250223333333333
"cntl",2022-03-26,0.25036
"cntl",2022-03-27,0.250493333333333
"cntl",2022-03-28,0.250435
"cntl",2022-03-29,0.250128333333333
"cntl",2022-03-30,0.248795
"cntl",2022-03-31,0.248033333333333
"cntl",2022-04-01,0.248246666666667
"cntl",2022-04-02,0.247058333333333
"cntl",2022-04-03,0.246546666666667
"cntl",2022-04-04,0.245783333333333
"cntl",2022-04-05,0.245341666666667
"cntl",2022-04-06,0.243985
"cntl",2022-04-07,0.243083333333333
"cntl",2022-04-08,0.242461666666667
"cntl",2022-04-09,0.242223333333333
"cntl",2022-04-10,0.241386666666667
"cntl",2022-04-11,0.239815
"cntl",2022-04-12,0.239075
"cntl",2022-04-13,0.237686666666667
"cntl",2022-04-14,0.236783333333333
"cntl",2022-04-15,0.236526666666667
"cntl",2022-04-16,0.236141666666667
"cntl",2022-04-17,0.235693333333333
"cntl",2022-04-18,0.234946666666667
"cntl",2022-04-19,0.234315
"cntl",2022-04-20,0.23359
"cntl",2022-04-21,0.232255
"cntl",2022-04-22,0.230631666666667
"cntl",2022-04-23,0.229268333333333
"cntl",2022-04-24,0.22745
"cntl",2022-04-25,0.225975
"cntl",2022-04-26,0.224983333333333
"cntl",2022-04-27,0.223951666666667
"cntl",2022-04-28,0.222883333333333
"cntl",2022-04-29,0.221853333333333
"cntl",2022-04-30,0.220535
"cntl",2022-05-01,0.219218333333333
"cntl",2022-05-02,0.223335
"cntl",2022-05-03,0.22265
"cntl",2022-05-04,0.235336666666667
"cntl",2022-05-05,0.244576666666667
"cntl",2022-05-06,0.246633333333333
"cntl",2022-05-07,0.247316666666667
"cntl",2022-05-08,0.247383333333333
"cntl",2022-05-09,0.247123333333333
"cntl",2022-05-10,0.246275
"cntl",2022-05-11,0.24601
"cntl",2022-05-12,0.246596666666667
"cntl",2022-05-13,0.245453333333333
"cntl",2022-05-14,0.244635
"cntl",2022-05-15,0.243733333333333
"cntl",2022-05-16,0.242466666666667
"cntl",2022-05-17,0.240748333333333
"cntl",2022-05-18,0.239003333333333
"cntl",2022-05-19,0.236898333333333
"cntl",2022-05-20,0.236841666666667
"cntl",2022-05-21,0.235968333333333
"cntl",2022-05-22,0.234935
"cntl",2022-05-23,0.248826666666667
"cntl",2022-05-24,0.255483333333333
"cntl",2022-05-25,0.25445
"cntl",2022-05-26,0.253858333333333
"cntl",2022-05-27,0.253108333333333
"cntl",2022-05-28,0.25163
"cntl",2022-05-29,0.250938333333333
"cntl",2022-05-30,0.250216666666667
"cntl",2022-05-31,0.248713333333333
"cntl",2022-06-01,0.248143333333333
"cntl",2022-06-02,0.247078333333333
"cntl",2022-06-03,0.246391666666667
"cntl",2022-06-04,0.245095
"cntl",2022-06-05,0.243323333333333
"cntl",2022-06-06,0.241286666666667
"cntl",2022-06-07,0.239056666666667
"cntl",2022-06-08,0.236375
"cntl",2022-06-09,0.233738333333333
"cntl",2022-06-10,0.230001666666667
"cntl",2022-06-11,0.226148333333333
"cntl",2022-06-12,0.221991666666667
"cntl",2022-06-13,0.217461666666667
"cntl",2022-06-14,0.213278333333333
"cntl",2022-06-15,0.209295
"cntl",2022-06-16,0.205476666666667
"cntl",2022-06-17,0.202786666666667
"cntl",2022-06-18,0.199698333333333
"cntl",2022-06-19,0.196588333333333
"cntl",2022-06-20,0.19388
"cntl",2022-06-21,0.191133333333333
"cntl",2022-06-22,0.188705
"cntl",2022-06-23,0.186588333333333
"cntl",2022-06-24,0.184615
"cntl",2022-06-25,0.18262
"cntl",2022-06-26,0.181206666666667
"cntl",2022-06-27,0.179431666666667
"cntl",2022-06-28,0.178093333333333
"cntl",2022-06-29,0.176615
"cntl",2022-06-30,0.175555
"cntl",2022-07-01,0.178753333333333
"cntl",2022-07-02,0.188625
"cntl",2022-07-03,0.19712
"cntl",2022-07-04,0.214198333333333
"cntl",2022-07-05,0.20976
"cntl",2022-07-06,0.208341666666667
"cntl",2022-07-07,0.20829
"cntl",2022-07-08,0.227053333333333
"cntl",2022-07-09,0.247806666666667
"cntl",2022-07-10,0.243601666666667
"cntl",2022-07-11,0.242925
"cntl",2022-07-12,0.24038
"cntl",2022-07-13,0.237185
"cntl",2022-07-14,0.233168333333333
"cntl",2022-07-15,0.229635
"cntl",2022-07-16,0.228
"cntl",2022-07-17,0.222748333333333
"cntl",2022-07-18,0.217788333333333
"cntl",2022-07-19,0.212683333333333
"cntl",2022-07-20,0.207255
"cntl",2022-07-21,0.202368333333333
"cntl",2022-07-22,0.197643333333333
"cntl",2022-07-23,0.194293333333333
"cntl",2022-07-24,0.193905
"cntl",2022-07-25,0.191456666666667
"cntl",2022-07-26,0.188555
"cntl",2022-07-27,0.195561666666667
"cntl",2022-07-28,0.274663333333333
"cntl",2022-07-29,0.273246666666667
"cntl",2022-07-30,0.26645
"cntl",2022-07-31,0.260501666666667
"cntl",2022-08-01,0.254311666666667
"cntl",2022-08-02,0.247763333333333
"cntl",2022-08-03,0.241513333333333
"cntl",2022-08-04,0.234573333333333
"cntl",2022-08-05,0.22761
"cntl",2022-08-06,0.223445
"cntl",2022-08-07,0.23353
"cntl",2022-08-08,0.255783333333333
"cntl",2022-08-09,0.246388333333333
"cntl",2022-08-10,0.239068333333333
"cntl",2022-08-11,0.231203333333333
"cntl",2022-08-12,0.222971666666667
"cntl",2022-08-13,0.215231666666667
"cntl",2022-08-14,0.20991
"cntl",2022-08-15,0.20646
"cntl",2022-08-16,0.20425
"cntl",2022-08-17,0.199026666666667
"cntl",2022-08-18,0.194913333333333
"cntl",2022-08-19,0.191518333333333
"cntl",2022-08-20,0.187778333333333
"cntl",2022-08-21,0.1854
"cntl",2022-08-22,0.182995
"cntl",2022-08-23,0.179795
"cntl",2022-08-24,0.176895
"cntl",2022-08-25,0.174173333333333
"cntl",2022-08-26,0.173923333333333
"cntl",2022-08-27,0.173473333333333
"cntl",2022-08-28,0.170785
"cntl",2022-08-29,0.169313333333333
"cntl",2022-08-30,0.16831
"cntl",2022-08-31,0.167168333333333
"cntl",2022-09-01,0.165406666666667
"cntl",2022-09-02,0.164253333333333
"cntl",2022-09-03,0.162881666666667
"cntl",2022-09-04,0.161583333333333
"cntl",2022-09-05,0.160486666666667
"cntl",2022-09-06,0.159056666666667
"cntl",2022-09-07,0.157618333333333
"cntl",2022-09-08,0.155598333333333
"cntl",2022-09-09,0.154656666666667
"cntl",2022-09-10,0.156321666666667
"cntl",2022-09-11,0.154173333333333
"cntl",2022-09-12,0.153395
"cntl",2022-09-13,0.153183333333333
"cntl",2022-09-14,0.153593333333333
"cntl",2022-09-15,0.15364
"cntl",2022-09-16,0.152643333333333
"cntl",2022-09-17,0.15239
"cntl",2022-09-18,0.152606666666667
"cntl",2022-09-19,0.152823333333333
"cntl",2022-09-20,0.152508333333333
"cntl",2022-09-21,0.15248
"cntl",2022-09-22,0.17024
"cntl",2022-09-23,0.168538333333333
"cntl",2022-09-24,0.166828333333333
"cntl",2022-09-25,0.16648
"cntl",2022-09-26,0.166473333333333
"cntl",2022-09-27,0.166086666666667
"cntl",2022-09-28,0.165513333333333
"cntl",2022-09-29,0.16505
"cntl",2022-09-30,0.16508
"cntl",2022-10-01,0.16552
"cntl",2022-10-02,0.163945
"cntl",2022-10-03,0.163286666666667
"cntl",2022-10-04,0.162445
"cntl",2022-10-05,0.161476666666667
"cntl",2022-10-06,0.161213333333333
"cntl",2022-10-07,0.161231666666667
"cntl",2022-10-08,0.159725
"cntl",2022-10-09,0.15973
"cntl",2022-10-10,0.159548333333333
"cntl",2022-10-11,0.15901
"cntl",2022-10-12,0.157483333333333
"cntl",2022-10-13,0.156696666666667
"cntl",2022-10-14,0.156301666666667
"cntl",2022-10-15,0.155911666666667
"cntl",2022-10-16,0.155586666666667
"cntl",2022-10-17,0.154951666666667
"cntl",2022-10-18,0.154728333333333
"cntl",2022-10-19,0.15451
"cntl",2022-10-20,0.154191666666667
"cntl",2022-10-21,0.154316666666667
"cntl",2022-10-22,0.153845
"cntl",2022-10-23,0.152923333333333
"cntl",2022-10-24,0.150826666666667
"cntl",2022-10-25,0.149701666666667
"cntl",2022-10-26,0.148513333333333
"cntl",2022-10-27,0.148211666666667
"cntl",2022-10-28,0.146835
"cntl",2022-10-29,0.146525
"cntl",2022-10-30,0.147183333333333
"cntl",2022-10-31,0.14691
"cntl",2022-11-01,0.146783333333333
"cntl",2022-11-02,0.147241666666667
"cntl",2022-11-03,0.145468333333333
"cntl",2022-11-04,0.144526666666667
"cntl",2022-11-05,0.164761666666667
"cntl",2022-11-06,0.190361666666667
"cntl",2022-11-07,0.189336666666667
"cntl",2022-11-08,0.188753333333333
"cntl",2022-11-09,0.18828
"cntl",2022-11-10,0.18724
"cntl",2022-11-11,0.184055
"cntl",2022-11-12,0.181048333333333
"cntl",2022-11-13,0.181218333333333
"cntl",2022-11-14,0.1805
"cntl",2022-11-15,0.179393333333333
"cntl",2022-11-16,0.177521666666667
"cntl",2022-11-17,0.177241666666667
"cntl",2022-11-18,0.17643
"cntl",2022-11-19,0.174368333333333
"cntl",2022-11-20,0.173325
"cntl",2022-11-21,0.173465
"cntl",2022-11-22,0.173688333333333
"cntl",2022-11-23,0.173088333333333
"cntl",2022-11-24,0.174083333333333
"cntl",2022-11-25,0.175816666666667
"cntl",2022-11-26,0.179466666666667
"cntl",2022-11-27,0.184715
"cntl",2022-11-28,0.184646666666667
"cntl",2022-11-29,0.18485
"cntl",2022-11-30,0.183915
"cntl",2022-12-01,0.184103333333333
"cntl",2022-12-02,0.184746666666667
"cntl",2022-12-03,0.1833
"cntl",2022-12-04,0.185578333333333
"cntl",2022-12-05,0.185655290102389
"cntl",2022-12-06,0.170783333333333
"cntl",2022-12-07,0.168725
"cntl",2022-12-08,0.170733333333333
"cntl",2022-12-09,0.16747
"cntl",2022-12-10,0.163256666666667
"cntl",2022-12-11,0.157520868113523
"cntl",2022-12-12,0.159066666666667
"cntl",2022-12-13,0.161845
"cntl",2022-12-14,0.160908333333333
"cntl",2022-12-15,0.16141
"cntl",2022-12-16,0.158146666666667
"cntl",2022-12-17,0.154993333333333
"cntl",2022-12-18,0.153463333333333
"cntl",2022-12-19,0.153875
"cntl",2022-12-20,0.152828333333333
"cntl",2022-12-21,0.15529
"cntl",2022-12-22,0.159026666666667
"cntl",2022-12-23,0.155428333333333
"cntl",2022-12-24,0.154896666666667
"cntl",2022-12-25,0.15397
"cntl",2022-12-26,0.156481666666667
"cntl",2022-12-27,0.156791666666667
"cntl",2022-12-28,0.16677
"cntl",2022-12-29,0.169208333333333
"cntl",2022-12-30,0.163096666666667
"cntl",2022-12-31,0.16011
"cntl",2023-01-01,0.165465
"cntl",2023-01-02,0.167073333333333
"cntl",2023-01-03,0.166493333333333
"cntl",2023-01-04,0.165711666666667
"cntl",2023-01-05,0.162591666666667
"cntl",2023-01-06,0.163295
"cntl",2023-01-07,0.164035
"cntl",2023-01-08,0.161896666666667
"cntl",2023-01-09,0.161853333333333
"cntl",2023-01-10,0.161321666666667
"cntl",2023-01-11,0.168298333333333
"cntl",2023-01-12,0.168865
"cntl",2023-01-13,0.166455
"cntl",2023-01-14,0.171795
"cntl",2023-01-15,0.179788333333333
"cntl",2023-01-16,0.178551666666667
"cntl",2023-01-17,0.178308333333333
"cntl",2023-01-18,0.178571666666667
"cntl",2023-01-19,0.179298333333333
"cntl",2023-01-20,0.179206666666667
"cntl",2023-01-21,0.179826666666667
"cntl",2023-01-22,0.174816666666667
"cntl",2023-01-23,0.172428333333333
"cntl",2023-01-24,0.17557
"cntl",2023-01-25,0.173215
"cntl",2023-01-26,0.17047
"cntl",2023-01-27,0.167696666666667
"cntl",2023-01-28,0.169158333333333
"cntl",2023-01-29,0.171711666666667
"cntl",2023-01-30,0.170965
"cntl",2023-01-31,0.169066666666667
"cntl",2023-02-01,0.168116666666667
"cntl",2023-02-02,0.16507
"cntl",2023-02-03,0.164105
"cntl",2023-02-04,0.164335
"cntl",2023-02-05,0.166123333333333
"cntl",2023-02-06,0.167231666666667
"cntl",2023-02-07,0.167521666666667
"cntl",2023-02-08,0.168168333333333
"cntl",2023-02-09,0.168856666666667
"cntl",2023-02-10,0.16431
"cntl",2023-02-11,0.16302508361204
"cntl",2023-02-12,0.166051666666667
"cntl",2023-02-13,0.166768333333333
"cntl",2023-02-14,0.172161666666667
"cntl",2023-02-15,0.169795
"cntl",2023-02-16,0.1651
"cntl",2023-02-17,0.161485
"cntl",2023-02-18,0.16379
"cntl",2023-02-19,0.165226666666667
"cntl",2023-02-20,0.164571666666667
"cntl",2023-02-21,0.166606666666667
"cntl",2023-02-22,0.178438333333333
"cntl",2023-02-23,0.177978333333333
"cntl",2023-02-24,0.17238
"cntl",2023-02-25,0.16994
"cntl",2023-02-26,0.174381666666667
"cntl",2023-02-27,0.178626666666667
"cntl",2023-02-28,0.18141
"cntl",2023-03-01,0.174936666666667
"cntl",2023-03-02,0.172598333333333
"cntl",2023-03-03,0.176606666666667
"cntl",2023-03-04,0.176153333333333
"cntl",2023-03-05,0.173605
"cntl",2023-03-06,0.17743
"cntl",2023-03-07,0.18377
"cntl",2023-03-08,0.187031666666667
"cntl",2023-03-09,0.184156666666667
"cntl",2023-03-10,0.18738
"cntl",2023-03-11,0.190318333333333
"cntl",2023-03-12,0.191523333333333
"cntl",2023-03-13,0.190608333333333
"cntl",2023-03-14,0.196728040540541
"cntl",2023-03-15,0.199209897610922
"cntl",2023-03-16,0.189985
"cntl",2023-03-17,0.196628333333333
"cntl",2023-03-18,0.193906666666667
"cntl",2023-03-19,0.191944816053512
"cntl",2023-03-20,0.19650084317032
"cntl",2023-03-21,0.197799660441426
"cntl",2023-03-22,0.188403333333333
"cntl",2023-03-23,0.197885714285714
"cntl",2023-03-24,0.202112984822934
"cntl",2023-03-25,0.19813
"cntl",2023-03-26,0.19852754590985
"cntl",2023-03-27,0.202211666666667
"cntl",2023-03-28,0.203323333333333
"cntl",2023-03-29,0.1987
"cntl",2023-03-30,0.209988074957411
"cntl",2023-03-31,0.194612687813022
"cntl",2023-04-01,0.20765306122449
"cntl",2023-04-02,0.209405821917808
"cntl",2023-04-03,0.21192082616179
"cntl",2023-04-04,0.196751666666667
"cntl",2023-04-05,0.198968333333333
"cntl",2023-04-06,0.206863333333333
"cntl",2023-04-07,0.234074198988196
"cntl",2023-04-08,0.253354344122658
"cntl",2023-04-09,0.253309401709402
"cntl",2023-04-10,0.262371527777778
"cntl",2023-04-11,0.262253472222222
"cntl",2023-04-12,0.261543402777778
"cntl",2023-04-13,0.260958333333333
"cntl",2023-04-14,0.260722222222222
"cntl",2023-04-15,0.259659722222222
"cntl",2023-04-16,0.258190972222222
"cntl",2023-04-17,0.258300347222222
"cntl",2023-04-18,0.2579375
"cntl",2023-04-19,0.256576530612245
"cntl",2023-04-20,0.255775
"cntl",2023-04-21,0.255016666666667
"cntl",2023-04-22,0.256028333333333
"cntl",2023-04-23,0.25578
"cntl",2023-04-24,0.255746666666667
"cntl",2023-04-25,0.2849
"cntl",2023-04-26,0.315875
"cntl",2023-04-27,0.299291666666667
"cntl",2023-04-28,0.29342
"cntl",2023-04-29,0.290383333333333
"cntl",2023-04-30,0.288193333333333
"cntl",2023-05-01,0.286195
"cntl",2023-05-02,0.284055
"cntl",2023-05-03,0.282233333333333
"cntl",2023-05-04,0.280646666666667
"cntl",2023-05-05,0.281481666666667
"cntl",2023-05-06,0.280023333333333
"cntl",2023-05-07,0.277963333333333
"cntl",2023-05-08,0.276358333333333
"cntl",2023-05-09,0.275468333333333
"cntl",2023-05-10,0.28078
"cntl",2023-05-11,0.30347
"cntl",2023-05-12,0.352451666666667
"cntl",2023-05-13,0.326361666666667
"cntl",2023-05-14,0.315271666666667
"cntl",2023-05-15,0.31138
"cntl",2023-05-16,0.30787
"cntl",2023-05-17,0.305493333333333
"cntl",2023-05-18,0.303438333333333
"cntl",2023-05-19,0.305475
"cntl",2023-05-20,0.302195
"cntl",2023-05-21,0.298495
"cntl",2023-05-22,0.294196666666667
"cntl",2023-05-23,0.289378333333333
"cntl",2023-05-24,0.285748333333333
"cntl",2023-05-25,0.282106666666667
"cntl",2023-05-26,0.276916666666667
"cntl",2023-05-27,0.272505
"cntl",2023-05-28,0.27003
"cntl",2023-05-29,0.265736666666667
"cntl",2023-05-30,0.258661666666667
"cntl",2023-05-31,0.249883333333333
"cntl",2023-06-01,0.245633333333333
"cntl",2023-06-02,0.267418333333333
"cntl",2023-06-03,0.313468333333333
"cntl",2023-06-04,0.318871666666667
"cntl",2023-06-05,0.31209
"cntl",2023-06-06,0.30392
"cntl",2023-06-07,0.298823333333333
"cntl",2023-06-08,0.297196666666667
"cntl",2023-06-09,0.296788333333333
"cntl",2023-06-10,0.296673333333333
"cntl",2023-06-11,0.293046666666667
"cntl",2023-06-12,0.317133333333333
"cntl",2023-06-13,0.34692
"cntl",2023-06-14,0.325885
"cntl",2023-06-15,0.314593333333333
"cntl",2023-06-16,0.308713333333333
"cntl",2023-06-17,0.30326
"cntl",2023-06-18,0.295571666666667
"cntl",2023-06-19,0.282278333333333
"cntl",2023-06-20,0.266266666666667
"cntl",2023-06-21,0.25317
"cntl",2023-06-22,0.243035775127768
"cntl",2023-06-23,0.240836805555556
"cntl",2023-06-24,0.226482638888889
"cntl",2023-06-25,0.213324652777778
"cntl",2023-06-26,0.204220486111111
"cntl",2023-06-27,0.1965625
"cntl",2023-06-28,0.188831597222222
"cntl",2023-06-29,0.186335069444444
"cntl",2023-06-30,0.230793402777778
"cntl",2023-07-01,0.225680555555556
"cntl",2023-07-02,0.211262152777778
"cntl",2023-07-03,0.197098958333333
"cntl",2023-07-04,0.203180555555556
"cntl",2023-07-05,0.253970486111111
"cntl",2023-07-06,0.248235500878735
"cntl",2023-07-07,0.239704710144928
"cntl",2023-07-08,0.250461956521739
"cntl",2023-07-09,0.277099637681159
"cntl",2023-07-10,0.260974637681159
"cntl",2023-07-11,0.240393115942029
"cntl",2023-07-12,0.216264492753623
"cntl",2023-07-13,0.200536231884058
"cntl",2023-07-14,0.190320652173913
"cntl",2023-07-15,0.185958333333333
"cntl",2023-07-16,0.181704710144928
"cntl",2023-07-17,0.177101449275362
"cntl",2023-07-18,0.173001811594203
"cntl",2023-07-19,0.171275362318841
"cntl",2023-07-20,0.240255434782609
"cntl",2023-07-21,0.343304347826087
"cntl",2023-07-22,0.317902173913043
"cntl",2023-07-23,0.302885869565217
"cntl",2023-07-24,0.288233695652174
"cntl",2023-07-25,0.272519927536232
"cntl",2023-07-26,0.257914855072464
"cntl",2023-07-27,0.249951086956522
"cntl",2023-07-28,0.24369384057971
"cntl",2023-07-29,0.236599637681159
"cntl",2023-07-30,0.228291666666667
"cntl",2023-07-31,0.234007246376812
"cntl",2023-08-01,0.352692028985507
"cntl",2023-08-02,0.336610507246377
"cntl",2023-08-03,0.371721014492754
"cntl",2023-08-04,0.354050724637681
"cntl",2023-08-05,0.334228260869565
"cntl",2023-08-06,0.321996376811594
"cntl",2023-08-07,0.332840579710145
"cntl",2023-08-08,0.351916666666667
"cntl",2023-08-09,0.347036231884058
"cntl",2023-08-10,0.332128623188406
"cntl",2023-08-11,0.320449378330373
"cntl",2023-08-12,0.310501736111111
"cntl",2023-08-13,0.301895833333333
"cntl",2023-08-14,0.292973958333333
"cntl",2023-08-15,0.280300347222222
"cntl",2023-08-16,0.263807291666667
"cntl",2023-08-17,0.254104166666667
"cntl",2023-10-01,0.157306666666667
"cntl",2023-10-02,0.158148333333333
"cntl",2023-10-03,0.164988333333333
"cntl",2023-10-04,0.163938333333333
"cntl",2023-10-05,0.163973333333333
"cntl",2023-10-06,0.163098333333333
"cntl",2023-10-07,0.161716666666667
"cntl",2023-10-08,0.161716666666667
"cntl",2023-10-09,0.161546666666667
"cntl",2023-10-10,0.161071666666667
"cntl",2023-10-11,0.162051666666667
"cntl",2023-10-12,0.164823333333333
"cntl",2023-10-13,0.164343333333333
"cntl",2023-10-14,0.161266666666667
"cntl",2023-10-15,0.161256666666667
"cntl",2023-10-16,0.161468333333333
"cntl",2023-10-17,0.161851666666667
"cntl",2023-10-18,0.161763333333333
"cntl",2023-10-19,0.161541666666667
"cntl",2023-10-20,0.16137
"cntl",2023-10-21,0.160961666666667
"cntl",2023-10-22,0.15999
"cntl",2023-10-23,0.15953
"cntl",2023-10-24,0.157858333333333
"cntl",2023-10-25,0.156838655462185
"cntl",2023-10-26,0.15816
"cntl",2023-10-27,0.153043177892919
"cntl",2023-10-28,0.152060763888889
"cntl",2023-10-29,0.151989583333333
"cntl",2023-10-30,0.15121875
"cntl",2023-10-31,0.150734375
"cntl",2023-11-01,0.151317708333333
"cntl",2023-11-02,0.151592013888889
"cntl",2023-11-03,0.153027777777778
"cntl",2023-11-04,0.153442708333333
"cntl",2023-11-05,0.153420138888889
"cntl",2023-11-06,0.153041666666667
"cntl",2023-11-07,0.152762152777778
"cntl",2023-11-08,0.153348958333333
"cntl",2023-11-09,0.15021875
"cntl",2023-11-10,0.149171875
"cntl",2023-11-11,0.148946180555556
"cntl",2023-11-12,0.14965625
"cntl",2023-11-13,0.149196180555556
"cntl",2023-11-14,0.149791666666667
"cntl",2023-11-15,0.149567708333333
"cntl",2023-11-16,0.149482638888889
"cntl",2023-11-17,0.149315972222222
"cntl",2023-11-18,0.148977430555556
"cntl",2023-11-19,0.149203125
"cntl",2023-11-20,0.148574652777778
"cntl",2023-11-21,0.147677083333333
"cntl",2023-11-22,0.147911458333333
"cntl",2023-11-23,0.146923611111111
"cntl",2023-11-24,0.147133680555556
"cntl",2023-11-25,0.147579861111111
"cntl",2023-11-26,0.148241319444444
"cntl",2023-11-27,0.148897569444444
"cntl",2023-11-28,0.150182291666667
"cntl",2023-11-29,0.149645833333333
"cntl",2023-11-30,0.148453125
"cntl",2023-12-01,0.147689236111111
"cntl",2023-12-02,0.143998272884283
"cntl",2023-12-03,0.146982638888889
"cntl",2023-12-04,0.152772569444444
"cntl",2023-12-05,0.159538194444444
"cntl",2023-12-06,0.161809027777778
"cntl",2023-12-07,0.16103125
"cntl",2023-12-08,0.158711805555556
"cntl",2023-12-09,0.153712802768166
"cntl",2023-12-10,0.142153716216216
"cntl",2023-12-11,0.157119791666667
"cntl",2023-12-12,0.159213541666667
"cntl",2023-12-13,0.159677083333333
"cntl",2023-12-14,0.161213541666667
"cntl",2023-12-15,0.161213541666667
"cntl",2023-12-16,0.159963541666667
"cntl",2023-12-17,0.160513888888889
"cntl",2023-12-18,0.158592013888889
"cntl",2023-12-19,0.161895833333333
"cntl",2023-12-20,0.163314236111111
"cntl",2023-12-21,0.163449652777778
"cntl",2023-12-22,0.162895833333333
"cntl",2023-12-23,0.163241319444444
"cntl",2023-12-24,0.162831597222222
"cntl",2023-12-25,0.157104166666667
"cntl",2023-12-26,0.155385416666667
"cntl",2023-12-27,0.156836805555556
"cntl",2023-12-28,0.156336805555556
"cntl",2023-12-29,0.156364583333333
"cntl",2023-12-30,0.157553819444444
"cntl",2023-12-31,0.1575
"cntl",2024-01-01,0.156807291666667
"cntl",2024-01-02,0.157303819444444
"cntl",2024-01-03,0.155447916666667
"cntl",2024-01-04,0.154803819444444
"cntl",2024-01-05,0.154439236111111
"cntl",2024-01-06,0.154289930555556
"cntl",2024-01-07,0.153168402777778
"cntl",2024-01-08,0.152418402777778
"cntl",2024-01-09,0.150465277777778
"cntl",2024-01-10,0.151159722222222
"cntl",2024-01-11,0.147573402417962
"cntl",2024-01-12,0.130184254606365
"cntl",2024-01-13,0.132501666666667
"cntl",2024-01-14,0.130465
"cntl",2024-01-15,0.127456666666667
"cntl",2024-01-16,0.132616554054054
"cntl",2024-01-17,0.147550347222222
"cntl",2024-01-18,0.150211805555556
"cntl",2024-01-19,0.150446180555556
"cntl",2024-01-20,0.152241319444444
"cntl",2024-01-21,0.157836805555556
"cntl",2024-01-22,0.163932291666667
"cntl",2024-01-23,0.171331597222222
"cntl",2024-01-24,0.177536458333333
"cntl",2024-01-25,0.176550347222222
"cntl",2024-01-26,0.178475694444444
"cntl",2024-01-27,0.177677083333333
"cntl",2024-01-28,0.180272569444444
"cntl",2024-01-29,0.185246527777778
"cntl",2024-01-30,0.190420138888889
"cntl",2024-01-31,0.192973958333333
"cntl",2024-02-01,0.196782986111111
"cntl",2024-02-02,0.198208333333333
"cntl",2024-02-03,0.207039930555556
"cntl",2024-02-04,0.219039930555556
"cntl",2024-02-05,0.224430555555556
"cntl",2024-02-06,0.233201388888889
"cntl",2024-02-07,0.246328125
"cntl",2024-02-08,0.256456597222222
"cntl",2024-02-09,0.260057291666667
"cntl",2024-02-10,0.260798611111111
"cntl",2024-02-11,0.255579861111111
"cntl",2024-02-12,0.249994791666667
"cntl",2024-02-13,0.250696180555556
"cntl",2024-02-14,0.252411458333333
"cntl",2024-02-15,0.255105902777778
"cntl",2024-02-16,0.25771875
"cntl",2024-02-17,0.257243055555556
"cntl",2024-02-18,0.254880208333333
"cntl",2024-02-19,0.259638888888889
"cntl",2024-02-20,0.266458333333333
"cntl",2024-02-21,0.273875
"cntl",2024-02-22,0.278230902777778
"cntl",2024-02-23,0.277477430555556
"cntl",2024-02-24,0.276743055555556
"cntl",2024-02-25,0.276619791666667
"cntl",2024-02-26,0.276199652777778
"cntl",2024-02-27,0.275786458333333
"cntl",2024-02-28,0.273362847222222
"cntl",2024-02-29,0.273835069444444
"cntl",2024-03-01,0.274116319444444
"cntl",2024-03-02,0.274168402777778
"cntl",2024-03-03,0.273720486111111
"cntl",2024-03-04,0.272689236111111
"cntl",2024-03-05,0.2719375
"cntl",2024-03-06,0.271833333333333
"cntl",2024-03-07,0.271973958333333
"cntl",2024-03-08,0.272677083333333
"cntl",2024-03-09,0.273170138888889
"cntl",2024-03-10,0.274538194444444
"cntl",2024-03-11,0.274744791666667
"cntl",2024-03-12,0.274751736111111
"cntl",2024-03-13,0.275772569444444
"cntl",2024-03-14,0.276703125
"cntl",2024-03-15,0.280166666666667
"cntl",2024-03-16,0.296782986111111
"cntl",2024-03-17,0.314822916666667
"cntl",2024-03-18,0.312888888888889
"cntl",2024-03-19,0.308690972222222
"cntl",2024-03-20,0.305580357142857
"cntl",NA,NA
"drt",2021-04-12,0.216825454545455
"drt",2021-04-13,0.240865
"drt",2021-04-14,0.255938333333333
"drt",2021-04-15,0.261601666666667
"drt",2021-04-16,0.27047
"drt",2021-04-17,0.28661
"drt",2021-04-18,0.286368333333333
"drt",2021-04-19,0.284881666666667
"drt",2021-04-20,0.285568333333333
"drt",2021-04-21,0.286443333333333
"drt",2021-04-22,0.288078333333333
"drt",2021-04-23,0.28765
"drt",2021-04-24,0.287011666666667
"drt",2021-04-25,0.286871666666667
"drt",2021-04-26,0.28683
"drt",2021-04-27,0.305478333333333
"drt",2021-04-28,0.356055
"drt",2021-04-29,0.338938333333333
"drt",2021-04-30,0.331523333333333
"drt",2021-05-01,0.326068333333333
"drt",2021-05-02,0.321561666666667
"drt",2021-05-03,0.339456666666667
"drt",2021-05-04,0.340333333333333
"drt",2021-05-05,0.334035
"drt",2021-05-06,0.329463333333333
"drt",2021-05-07,0.325978333333333
"drt",2021-05-08,0.322718333333333
"drt",2021-05-09,0.318713333333333
"drt",2021-05-10,0.33008
"drt",2021-05-11,0.34919
"drt",2021-05-12,0.342255
"drt",2021-05-13,0.334886666666667
"drt",2021-05-14,0.329606666666667
"drt",2021-05-15,0.32581
"drt",2021-05-16,0.324176666666667
"drt",2021-05-17,0.322355
"drt",2021-05-18,0.320976666666667
"drt",2021-05-19,0.31933
"drt",2021-05-20,0.315861666666667
"drt",2021-05-21,0.311868333333333
"drt",2021-05-22,0.308935
"drt",2021-05-23,0.307178333333333
"drt",2021-05-24,0.304876666666667
"drt",2021-05-25,0.301415
"drt",2021-05-26,0.297361666666667
"drt",2021-05-27,0.293218333333333
"drt",2021-05-28,0.288303333333333
"drt",2021-05-29,0.283651666666667
"drt",2021-05-30,0.281193333333333
"drt",2021-05-31,0.279665
"drt",2021-06-01,0.277165
"drt",2021-06-02,0.27424
"drt",2021-06-03,0.26952
"drt",2021-06-04,0.263016666666667
"drt",2021-06-05,0.255755
"drt",2021-06-06,0.248873333333333
"drt",2021-06-07,0.242203333333333
"drt",2021-06-08,0.247385
"drt",2021-06-09,0.277063333333333
"drt",2021-06-10,0.263451666666667
"drt",2021-06-11,0.253736666666667
"drt",2021-06-12,0.246341666666667
"drt",2021-06-13,0.239863333333333
"drt",2021-06-14,0.234045
"drt",2021-06-15,0.227483333333333
"drt",2021-06-16,0.221103333333333
"drt",2021-06-17,0.21577
"drt",2021-06-18,0.216121666666667
"drt",2021-06-19,0.231918333333333
"drt",2021-06-20,0.223438333333333
"drt",2021-06-21,0.218545
"drt",2021-06-22,0.214498333333333
"drt",2021-06-23,0.210125
"drt",2021-06-24,0.206776666666667
"drt",2021-06-25,0.20441
"drt",2021-06-26,0.202563333333333
"drt",2021-06-27,0.200803333333333
"drt",2021-06-28,0.199158333333333
"drt",2021-06-29,0.197305
"drt",2021-06-30,0.19578
"drt",2021-07-01,0.194686666666667
"drt",2021-07-02,0.193426666666667
"drt",2021-07-03,0.192186666666667
"drt",2021-07-04,0.190568333333333
"drt",2021-07-05,0.188923333333333
"drt",2021-07-06,0.187323333333333
"drt",2021-07-07,0.185413333333333
"drt",2021-07-08,0.183098333333333
"drt",2021-07-09,0.180935
"drt",2021-07-10,0.178863333333333
"drt",2021-07-11,0.176806666666667
"drt",2021-07-12,0.175081666666667
"drt",2021-07-13,0.17343
"drt",2021-07-14,0.173081666666667
"drt",2021-07-15,0.17304
"drt",2021-07-16,0.171491666666667
"drt",2021-07-17,0.170565
"drt",2021-07-18,0.169646666666667
"drt",2021-07-19,0.168946666666667
"drt",2021-07-20,0.167593333333333
"drt",2021-07-21,0.166391666666667
"drt",2021-07-22,0.165221666666667
"drt",2021-07-23,0.164206666666667
"drt",2021-07-24,0.162643333333333
"drt",2021-07-25,0.16198
"drt",2021-07-26,0.160985
"drt",2021-07-27,0.159836666666667
"drt",2021-07-28,0.158755
"drt",2021-07-29,0.157296666666667
"drt",2021-07-30,0.155933333333333
"drt",2021-07-31,0.154251666666667
"drt",2021-08-01,0.152838333333333
"drt",2021-08-02,0.152345
"drt",2021-08-03,0.151316666666667
"drt",2021-08-04,0.15001
"drt",2021-08-05,0.1495
"drt",2021-08-06,0.149245
"drt",2021-08-07,0.147515
"drt",2021-08-08,0.1473
"drt",2021-08-09,0.147431666666667
"drt",2021-08-10,0.146895
"drt",2021-08-11,0.146443333333333
"drt",2021-08-12,0.146165
"drt",2021-08-13,0.145188333333333
"drt",2021-08-14,0.14479
"drt",2021-08-15,0.143983333333333
"drt",2021-08-16,0.143041666666667
"drt",2021-08-17,0.14255
"drt",2021-08-18,0.141566666666667
"drt",2021-08-19,0.140218333333333
"drt",2021-08-20,0.138313333333333
"drt",2021-08-21,0.13656
"drt",2021-08-22,0.13674
"drt",2021-08-23,0.136896666666667
"drt",2021-08-24,0.136301666666667
"drt",2021-08-25,0.136598333333333
"drt",2021-08-26,0.136741666666667
"drt",2021-08-27,0.136476666666667
"drt",2021-08-28,0.135236666666667
"drt",2021-08-29,0.134355
"drt",2021-08-30,0.134066666666667
"drt",2021-08-31,0.134375
"drt",2021-09-01,0.134375
"drt",2021-09-02,0.13395
"drt",2021-09-03,0.133963333333333
"drt",2021-09-04,0.133886666666667
"drt",2021-09-05,0.13196
"drt",2021-09-06,0.132078333333333
"drt",2021-09-07,0.13213
"drt",2021-09-08,0.131996666666667
"drt",2021-09-09,0.131833333333333
"drt",2021-09-10,0.131613333333333
"drt",2021-09-11,0.131555
"drt",2021-09-12,0.130048333333333
"drt",2021-09-13,0.128728333333333
"drt",2021-09-14,0.12829
"drt",2021-09-15,0.127703333333333
"drt",2021-09-16,0.126813333333333
"drt",2021-09-17,0.125191666666667
"drt",2021-09-18,0.124655
"drt",2021-09-19,0.125835
"drt",2021-09-20,0.123453333333333
"drt",2021-09-21,0.121126666666667
"drt",2021-09-22,0.120841666666667
"drt",2021-09-23,0.12114
"drt",2021-09-24,0.1209
"drt",2021-09-25,0.120676666666667
"drt",2021-09-26,0.120805
"drt",2021-09-27,0.12057
"drt",2021-09-28,0.120161666666667
"drt",2021-09-29,0.118476666666667
"drt",2021-09-30,0.116136666666667
"drt",2021-10-01,0.115382142857143
"drt",2021-10-02,0.114806666666667
"drt",2021-10-03,0.11423
"drt",2021-10-04,0.114421666666667
"drt",2021-10-05,0.1143
"drt",2021-10-06,0.114615
"drt",2021-10-07,0.115051666666667
"drt",2021-10-08,0.113801666666667
"drt",2021-10-09,0.112716666666667
"drt",2021-10-10,0.111721666666667
"drt",2021-10-11,0.110463333333333
"drt",2021-10-12,0.109088333333333
"drt",2021-10-13,0.109168333333333
"drt",2021-10-14,0.108096666666667
"drt",2021-10-15,0.106543333333333
"drt",2021-10-16,0.107308333333333
"drt",2021-10-17,0.107911666666667
"drt",2021-10-18,0.108923333333333
"drt",2021-10-19,0.115865
"drt",2021-10-20,0.127443333333333
"drt",2021-10-21,0.12551
"drt",2021-10-22,0.125031666666667
"drt",2021-10-23,0.12416
"drt",2021-10-24,0.123885
"drt",2021-10-25,0.12369
"drt",2021-10-26,0.123845
"drt",2021-10-27,0.123193333333333
"drt",2021-10-28,0.122743333333333
"drt",2021-10-29,0.123255
"drt",2021-10-30,0.123746666666667
"drt",2021-10-31,0.123808333333333
"drt",2021-11-01,0.126688333333333
"drt",2021-11-02,0.134745
"drt",2021-11-03,0.13928
"drt",2021-11-04,0.139193333333333
"drt",2021-11-05,0.139851666666667
"drt",2021-11-06,0.13974
"drt",2021-11-07,0.140055
"drt",2021-11-08,0.14007
"drt",2021-11-09,0.139171666666667
"drt",2021-11-10,0.139518333333333
"drt",2021-11-11,0.138136666666667
"drt",2021-11-12,0.138095
"drt",2021-11-13,0.138901666666667
"drt",2021-11-14,0.139246666666667
"drt",2021-11-15,0.140428333333333
"drt",2021-11-16,0.140161666666667
"drt",2021-11-17,0.137511666666667
"drt",2021-11-18,0.134001666666667
"drt",2021-11-19,0.13595
"drt",2021-11-20,0.13617
"drt",2021-11-21,0.13526
"drt",2021-11-22,0.13554
"drt",2021-11-23,0.135286666666667
"drt",2021-11-24,0.135103333333333
"drt",2021-11-25,0.133206666666667
"drt",2021-11-26,0.135081666666667
"drt",2021-11-27,0.134985
"drt",2021-11-28,0.134758333333333
"drt",2021-11-29,0.136228333333333
"drt",2021-11-30,0.135855
"drt",2021-12-01,0.136271666666667
"drt",2021-12-02,0.136685
"drt",2021-12-03,0.1356
"drt",2021-12-04,0.134283333333333
"drt",2021-12-05,0.134381666666667
"drt",2021-12-06,0.131045
"drt",2021-12-07,0.131758333333333
"drt",2021-12-08,0.131881666666667
"drt",2021-12-09,0.13211
"drt",2021-12-10,0.130666666666667
"drt",2021-12-11,0.128026666666667
"drt",2021-12-12,0.129366666666667
"drt",2021-12-13,0.128995
"drt",2021-12-14,0.128728333333333
"drt",2021-12-15,0.128206666666667
"drt",2021-12-16,0.12673
"drt",2021-12-17,0.126131666666667
"drt",2021-12-18,0.124036666666667
"drt",2021-12-19,0.12553
"drt",2021-12-20,0.127018333333333
"drt",2021-12-21,0.128316666666667
"drt",2021-12-22,0.128698333333333
"drt",2021-12-23,0.129085
"drt",2021-12-24,0.128826666666667
"drt",2021-12-25,0.127376666666667
"drt",2021-12-26,0.127301666666667
"drt",2021-12-27,0.126555
"drt",2021-12-28,0.125663333333333
"drt",2021-12-29,0.124883333333333
"drt",2021-12-30,0.124195
"drt",2021-12-31,0.124156666666667
"drt",2022-01-01,0.12408
"drt",2022-01-02,0.123373333333333
"drt",2022-01-03,0.124026666666667
"drt",2022-01-04,0.124335
"drt",2022-01-05,0.124006666666667
"drt",2022-01-06,0.123916666666667
"drt",2022-01-07,0.125895
"drt",2022-01-08,0.127413333333333
"drt",2022-01-09,0.12652
"drt",2022-01-10,0.126083333333333
"drt",2022-01-11,0.126256666666667
"drt",2022-01-12,0.127743333333333
"drt",2022-01-13,0.136668333333333
"drt",2022-01-14,0.14763
"drt",2022-01-15,0.1447
"drt",2022-01-16,0.144653333333333
"drt",2022-01-17,0.144968333333333
"drt",2022-01-18,0.147123333333333
"drt",2022-01-19,0.145365
"drt",2022-01-20,0.142191666666667
"drt",2022-01-21,0.14322
"drt",2022-01-22,0.141005
"drt",2022-01-23,0.142121666666667
"drt",2022-01-24,0.144075
"drt",2022-01-25,0.144231666666667
"drt",2022-01-26,0.143005
"drt",2022-01-27,0.141863333333333
"drt",2022-01-28,0.140448333333333
"drt",2022-01-29,0.141461666666667
"drt",2022-01-30,0.141238333333333
"drt",2022-01-31,0.141998333333333
"drt",2022-02-01,0.139718333333333
"drt",2022-02-02,0.139726666666667
"drt",2022-02-03,0.138288333333333
"drt",2022-02-04,0.137125
"drt",2022-02-05,0.138981666666667
"drt",2022-02-06,0.140206666666667
"drt",2022-02-07,0.141638333333333
"drt",2022-02-08,0.144875
"drt",2022-02-09,0.146371666666667
"drt",2022-02-10,0.150066666666667
"drt",2022-02-11,0.152818333333333
"drt",2022-02-12,0.148285
"drt",2022-02-13,0.145543333333333
"drt",2022-02-14,0.146765
"drt",2022-02-15,0.14989
"drt",2022-02-16,0.15366
"drt",2022-02-17,0.153298333333333
"drt",2022-02-18,0.152671666666667
"drt",2022-02-19,0.152415
"drt",2022-02-20,0.155783333333333
"drt",2022-02-21,0.154245
"drt",2022-02-22,0.14494
"drt",2022-02-23,0.136961666666667
"drt",2022-02-24,0.134595
"drt",2022-02-25,0.134431666666667
"drt",2022-02-26,0.133726666666667
"drt",2022-02-27,0.137311666666667
"drt",2022-02-28,0.146586666666667
"drt",2022-03-01,0.1557
"drt",2022-03-02,0.161328333333333
"drt",2022-03-03,0.163685
"drt",2022-03-04,0.16517
"drt",2022-03-05,0.165961666666667
"drt",2022-03-06,0.16541
"drt",2022-03-07,0.16523
"drt",2022-03-08,0.165173333333333
"drt",2022-03-09,0.16608
"drt",2022-03-10,0.165013333333333
"drt",2022-03-11,0.162898333333333
"drt",2022-03-12,0.175031666666667
"drt",2022-03-13,0.208395
"drt",2022-03-14,0.226391666666667
"drt",2022-03-15,0.229496666666667
"drt",2022-03-16,0.231056666666667
"drt",2022-03-17,0.234615
"drt",2022-03-18,0.238563333333333
"drt",2022-03-19,0.239448333333333
"drt",2022-03-20,0.240191666666667
"drt",2022-03-21,0.24037
"drt",2022-03-22,0.239606666666667
"drt",2022-03-23,0.239766666666667
"drt",2022-03-24,0.240561666666667
"drt",2022-03-25,0.241395
"drt",2022-03-26,0.241696666666667
"drt",2022-03-27,0.242063333333333
"drt",2022-03-28,0.242215
"drt",2022-03-29,0.242086666666667
"drt",2022-03-30,0.240473333333333
"drt",2022-03-31,0.239756666666667
"drt",2022-04-01,0.24036
"drt",2022-04-02,0.23994
"drt",2022-04-03,0.239388333333333
"drt",2022-04-04,0.238701666666667
"drt",2022-04-05,0.238423333333333
"drt",2022-04-06,0.237178333333333
"drt",2022-04-07,0.236645
"drt",2022-04-08,0.236355
"drt",2022-04-09,0.236571666666667
"drt",2022-04-10,0.235956666666667
"drt",2022-04-11,0.23448
"drt",2022-04-12,0.233613333333333
"drt",2022-04-13,0.23167
"drt",2022-04-14,0.23084
"drt",2022-04-15,0.230688333333333
"drt",2022-04-16,0.230425
"drt",2022-04-17,0.230216666666667
"drt",2022-04-18,0.229885
"drt",2022-04-19,0.229576666666667
"drt",2022-04-20,0.229328333333333
"drt",2022-04-21,0.22835
"drt",2022-04-22,0.227336666666667
"drt",2022-04-23,0.226181666666667
"drt",2022-04-24,0.224065
"drt",2022-04-25,0.222681666666667
"drt",2022-04-26,0.221728333333333
"drt",2022-04-27,0.221011666666667
"drt",2022-04-28,0.22022
"drt",2022-04-29,0.219273333333333
"drt",2022-04-30,0.217646666666667
"drt",2022-05-01,0.216455
"drt",2022-05-02,0.216263333333333
"drt",2022-05-03,0.21492
"drt",2022-05-04,0.21581
"drt",2022-05-05,0.216181666666667
"drt",2022-05-06,0.216363333333333
"drt",2022-05-07,0.216281666666667
"drt",2022-05-08,0.21571
"drt",2022-05-09,0.214653333333333
"drt",2022-05-10,0.213846666666667
"drt",2022-05-11,0.213721666666667
"drt",2022-05-12,0.215695
"drt",2022-05-13,0.21476
"drt",2022-05-14,0.213935
"drt",2022-05-15,0.212976470588235
"drt",2022-05-16,0.209362068965517
"drt",2022-05-17,0.208575085324232
"drt",2022-05-18,0.207663851351351
"drt",2022-05-19,0.204605172413793
"drt",2022-05-20,0.205458333333333
"drt",2022-05-21,0.201740368509213
"drt",2022-05-22,0.20228
"drt",2022-05-23,0.203956666666667
"drt",2022-05-24,0.203558333333333
"drt",2022-05-25,0.202948333333333
"drt",2022-05-26,0.202696666666667
"drt",2022-05-27,0.20204
"drt",2022-05-28,0.200978333333333
"drt",2022-05-29,0.200085
"drt",2022-05-30,0.198733333333333
"drt",2022-05-31,0.19743
"drt",2022-06-01,0.196795
"drt",2022-06-02,0.196465
"drt",2022-06-03,0.195733333333333
"drt",2022-06-04,0.19495
"drt",2022-06-05,0.19413
"drt",2022-06-06,0.192923333333333
"drt",2022-06-07,0.191561666666667
"drt",2022-06-08,0.190173333333333
"drt",2022-06-09,0.187865
"drt",2022-06-10,0.185591666666667
"drt",2022-06-11,0.183813333333333
"drt",2022-06-12,0.182148333333333
"drt",2022-06-13,0.180015
"drt",2022-06-14,0.177516666666667
"drt",2022-06-15,0.175861666666667
"drt",2022-06-16,0.174645
"drt",2022-06-17,0.174066666666667
"drt",2022-06-18,0.172013333333333
"drt",2022-06-19,0.170161666666667
"drt",2022-06-20,0.168505
"drt",2022-06-21,0.166528333333333
"drt",2022-06-22,0.16512
"drt",2022-06-23,0.164091666666667
"drt",2022-06-24,0.162601666666667
"drt",2022-06-25,0.160551666666667
"drt",2022-06-26,0.15886
"drt",2022-06-27,0.157811666666667
"drt",2022-06-28,0.157351666666667
"drt",2022-06-29,0.15625
"drt",2022-06-30,0.1549
"drt",2022-07-01,0.154743333333333
"drt",2022-07-02,0.155051666666667
"drt",2022-07-03,0.155416666666667
"drt",2022-07-04,0.15655
"drt",2022-07-05,0.155516666666667
"drt",2022-07-06,0.154895
"drt",2022-07-07,0.155491666666667
"drt",2022-07-08,0.1582
"drt",2022-07-09,0.161305
"drt",2022-07-10,0.161313333333333
"drt",2022-07-11,0.160968333333333
"drt",2022-07-12,0.161225
"drt",2022-07-13,0.161236666666667
"drt",2022-07-14,0.16107
"drt",2022-07-15,0.16106
"drt",2022-07-16,0.161271666666667
"drt",2022-07-17,0.161196666666667
"drt",2022-07-18,0.160843333333333
"drt",2022-07-19,0.159835
"drt",2022-07-20,0.158245
"drt",2022-07-21,0.157286666666667
"drt",2022-07-22,0.156013333333333
"drt",2022-07-23,0.154405
"drt",2022-07-24,0.15245
"drt",2022-07-25,0.150868333333333
"drt",2022-07-26,0.151238333333333
"drt",2022-07-27,0.153285
"drt",2022-07-28,0.181466666666667
"drt",2022-07-29,0.18587
"drt",2022-07-30,0.184468333333333
"drt",2022-07-31,0.183138333333333
"drt",2022-08-01,0.181841666666667
"drt",2022-08-02,0.180395
"drt",2022-08-03,0.179103333333333
"drt",2022-08-04,0.178666666666667
"drt",2022-08-05,0.177711666666667
"drt",2022-08-06,0.1761
"drt",2022-08-07,0.177368333333333
"drt",2022-08-08,0.17915
"drt",2022-08-09,0.177776666666667
"drt",2022-08-10,0.177185
"drt",2022-08-11,0.17715
"drt",2022-08-12,0.177001666666667
"drt",2022-08-13,0.175981666666667
"drt",2022-08-14,0.174156666666667
"drt",2022-08-15,0.172271666666667
"drt",2022-08-16,0.17117
"drt",2022-08-17,0.170246666666667
"drt",2022-08-18,0.169293333333333
"drt",2022-08-19,0.167568333333333
"drt",2022-08-20,0.165708333333333
"drt",2022-08-21,0.164301666666667
"drt",2022-08-22,0.162763333333333
"drt",2022-08-23,0.162035
"drt",2022-08-24,0.161028333333333
"drt",2022-08-25,0.159261666666667
"drt",2022-08-26,0.158021666666667
"drt",2022-08-27,0.15644
"drt",2022-08-28,0.155915
"drt",2022-08-29,0.155448333333333
"drt",2022-08-30,0.1549
"drt",2022-08-31,0.154075
"drt",2022-09-01,0.152726666666667
"drt",2022-09-02,0.151751666666667
"drt",2022-09-03,0.150728333333333
"drt",2022-09-04,0.149795
"drt",2022-09-05,0.149006666666667
"drt",2022-09-06,0.147893333333333
"drt",2022-09-07,0.146418333333333
"drt",2022-09-08,0.144715
"drt",2022-09-09,0.140996666666667
"drt",2022-09-10,0.138093333333333
"drt",2022-09-11,0.137291666666667
"drt",2022-09-12,0.138435
"drt",2022-09-13,0.13825
"drt",2022-09-14,0.138101666666667
"drt",2022-09-15,0.137828333333333
"drt",2022-09-16,0.136326666666667
"drt",2022-09-17,0.13595
"drt",2022-09-18,0.136096666666667
"drt",2022-09-19,0.136343333333333
"drt",2022-09-20,0.135761666666667
"drt",2022-09-21,0.134685
"drt",2022-09-22,0.135206666666667
"drt",2022-09-23,0.134183333333333
"drt",2022-09-24,0.133846666666667
"drt",2022-09-25,0.134008333333333
"drt",2022-09-26,0.13419
"drt",2022-09-27,0.133646666666667
"drt",2022-09-28,0.13336
"drt",2022-09-29,0.132998333333333
"drt",2022-09-30,0.132815
"drt",2022-10-01,0.13296
"drt",2022-10-02,0.131671666666667
"drt",2022-10-03,0.132123333333333
"drt",2022-10-04,0.131111666666667
"drt",2022-10-05,0.130871666666667
"drt",2022-10-06,0.131644642857143
"drt",2022-10-07,0.131015
"drt",2022-10-08,0.130165
"drt",2022-10-09,0.130611666666667
"drt",2022-10-10,0.130641666666667
"drt",2022-10-11,0.130063333333333
"drt",2022-10-12,0.128603333333333
"drt",2022-10-13,0.127931666666667
"drt",2022-10-14,0.127971666666667
"drt",2022-10-15,0.127896666666667
"drt",2022-10-16,0.12799
"drt",2022-10-17,0.126928333333333
"drt",2022-10-18,0.126775
"drt",2022-10-19,0.127043333333333
"drt",2022-10-20,0.12682
"drt",2022-10-21,0.126711666666667
"drt",2022-10-22,0.126346666666667
"drt",2022-10-23,0.12562
"drt",2022-10-24,0.123105
"drt",2022-10-25,0.122151666666667
"drt",2022-10-26,0.121275
"drt",2022-10-27,0.121526666666667
"drt",2022-10-28,0.118946666666667
"drt",2022-10-29,0.119095
"drt",2022-10-30,0.120298333333333
"drt",2022-10-31,0.120035
"drt",2022-11-01,0.12006
"drt",2022-11-02,0.120961666666667
"drt",2022-11-03,0.119441666666667
"drt",2022-11-04,0.119656666666667
"drt",2022-11-05,0.12584
"drt",2022-11-06,0.136111666666667
"drt",2022-11-07,0.137
"drt",2022-11-08,0.13782
"drt",2022-11-09,0.13794
"drt",2022-11-10,0.137071666666667
"drt",2022-11-11,0.133911666666667
"drt",2022-11-12,0.131708333333333
"drt",2022-11-13,0.132968333333333
"drt",2022-11-14,0.13304
"drt",2022-11-15,0.132626666666667
"drt",2022-11-16,0.13177
"drt",2022-11-17,0.132595
"drt",2022-11-18,0.13264
"drt",2022-11-19,0.13217
"drt",2022-11-20,0.13221
"drt",2022-11-21,0.132111666666667
"drt",2022-11-22,0.133076666666667
"drt",2022-11-23,0.133336666666667
"drt",2022-11-24,0.134808333333333
"drt",2022-11-25,0.136576666666667
"drt",2022-11-26,0.14019
"drt",2022-11-27,0.143198333333333
"drt",2022-11-28,0.143078333333333
"drt",2022-11-29,0.143733333333333
"drt",2022-11-30,0.143295
"drt",2022-12-01,0.142921666666667
"drt",2022-12-02,0.143578333333333
"drt",2022-12-03,0.14258
"drt",2022-12-04,0.147003333333333
"drt",2022-12-05,0.158923333333333
"drt",2022-12-06,0.161861666666667
"drt",2022-12-07,0.157023333333333
"drt",2022-12-08,0.154413333333333
"drt",2022-12-09,0.14544
"drt",2022-12-10,0.14232
"drt",2022-12-11,0.141131666666667
"drt",2022-12-12,0.14293
"drt",2022-12-13,0.141248333333333
"drt",2022-12-14,0.1394
"drt",2022-12-15,0.13809
"drt",2022-12-16,0.134698333333333
"drt",2022-12-17,0.134151666666667
"drt",2022-12-18,0.13327
"drt",2022-12-19,0.132976666666667
"drt",2022-12-20,0.134653333333333
"drt",2022-12-21,0.137031666666667
"drt",2022-12-22,0.139725
"drt",2022-12-23,0.125748453608247
"drt",2022-12-24,0.1284625
"drt",2022-12-25,0.132814583333333
"drt",2022-12-26,0.137491666666667
"drt",2022-12-27,0.140766666666667
"drt",2022-12-28,0.1461
"drt",2022-12-29,0.146966666666667
"drt",2022-12-30,0.138689583333333
"drt",2022-12-31,0.13985625
"drt",2023-01-01,0.14463125
"drt",2023-01-02,0.146439583333333
"drt",2023-01-03,0.144504166666667
"drt",2023-01-04,0.141627083333333
"drt",2023-01-05,0.136695833333333
"drt",2023-01-06,0.13758125
"drt",2023-01-07,0.141460416666667
"drt",2023-01-08,0.139766666666667
"drt",2023-01-09,0.141591666666667
"drt",2023-01-10,0.14350625
"drt",2023-01-11,0.14615
"drt",2023-01-12,0.147879166666667
"drt",2023-01-13,0.147875
"drt",2023-01-14,0.151764583333333
"drt",2023-01-15,0.155035416666667
"drt",2023-01-16,0.155779166666667
"drt",2023-01-17,0.153464583333333
"drt",2023-01-18,0.15501875
"drt",2023-01-19,0.1557125
"drt",2023-01-20,0.15420625
"drt",2023-01-21,0.152679166666667
"drt",2023-01-22,0.1523375
"drt",2023-01-23,0.151991666666667
"drt",2023-01-24,0.150685416666667
"drt",2023-01-25,0.14794375
"drt",2023-01-26,0.14549375
"drt",2023-01-27,0.144922916666667
"drt",2023-01-28,0.14485
"drt",2023-01-29,0.14355625
"drt",2023-01-30,0.1425125
"drt",2023-01-31,0.141725
"drt",2023-02-01,0.141545833333333
"drt",2023-02-02,0.142314583333333
"drt",2023-02-03,0.143170833333333
"drt",2023-02-04,0.14445
"drt",2023-02-05,0.14645
"drt",2023-02-06,0.148025
"drt",2023-02-07,0.14680625
"drt",2023-02-08,0.146835416666667
"drt",2023-02-09,0.14560625
"drt",2023-02-10,0.142179166666667
"drt",2023-02-11,0.149733333333333
"drt",2023-02-12,0.16335
"drt",2023-02-13,0.165897916666667
"drt",2023-02-14,0.1713625
"drt",2023-02-15,0.156747916666667
"drt",2023-02-16,0.14843125
"drt",2023-02-17,0.149202083333333
"drt",2023-02-18,0.152645833333333
"drt",2023-02-19,0.153570833333333
"drt",2023-02-20,0.15786875
"drt",2023-02-21,0.16518125
"drt",2023-02-22,0.169654166666667
"drt",2023-02-23,0.16586875
"drt",2023-02-24,0.160852083333333
"drt",2023-02-25,0.161427083333333
"drt",2023-02-26,0.167958333333333
"drt",2023-02-27,0.172408333333333
"drt",2023-02-28,0.173472916666667
"drt",2023-03-01,0.164127083333333
"drt",2023-03-02,0.1631875
"drt",2023-03-03,0.1690125
"drt",2023-03-04,0.166039583333333
"drt",2023-03-05,0.16588125
"drt",2023-03-06,0.169558333333333
"drt",2023-03-07,0.173566666666667
"drt",2023-03-08,0.175616666666667
"drt",2023-03-09,0.174975
"drt",2023-03-10,0.178464583333333
"drt",2023-03-11,0.184020833333333
"drt",2023-03-12,0.18551875
"drt",2023-03-13,0.188333333333333
"drt",2023-03-14,0.191314583333333
"drt",2023-03-15,0.194010416666667
"drt",2023-03-16,0.194666666666667
"drt",2023-03-17,0.191914583333333
"drt",2023-03-18,0.190352083333333
"drt",2023-03-19,0.189491666666667
"drt",2023-03-20,0.19256875
"drt",2023-03-21,0.193972916666667
"drt",2023-03-22,0.194172916666667
"drt",2023-03-23,0.196410416666667
"drt",2023-03-24,0.199558333333333
"drt",2023-03-25,0.198985416666667
"drt",2023-03-26,0.196833333333333
"drt",2023-03-27,0.197660416666667
"drt",2023-03-28,0.195870833333333
"drt",2023-03-29,0.1987625
"drt",2023-03-30,0.200360416666667
"drt",2023-03-31,0.20114375
"drt",2023-04-01,0.200641666666667
"drt",2023-04-02,0.201675
"drt",2023-04-03,0.202070833333333
"drt",2023-04-04,0.201258333333333
"drt",2023-04-05,0.200545833333333
"drt",2023-04-06,0.201691666666667
"drt",2023-04-07,0.22038125
"drt",2023-04-08,0.243416666666667
"drt",2023-04-09,0.245897916666667
"drt",2023-04-10,0.247164583333333
"drt",2023-04-11,0.248585416666667
"drt",2023-04-12,0.249108333333333
"drt",2023-04-13,0.248995833333333
"drt",2023-04-14,0.247604166666667
"drt",2023-04-15,0.246420833333333
"drt",2023-04-16,0.245997916666667
"drt",2023-04-17,0.246652083333333
"drt",2023-04-18,0.246939583333333
"drt",2023-04-19,0.2461125
"drt",2023-04-20,0.24465
"drt",2023-04-21,0.243922916666667
"drt",2023-04-22,0.2438
"drt",2023-04-23,0.244570833333333
"drt",2023-04-24,0.245397916666667
"drt",2023-04-25,0.268052083333333
"drt",2023-04-26,0.299902083333333
"drt",2023-04-27,0.29075625
"drt",2023-04-28,0.286889583333333
"drt",2023-04-29,0.285589583333333
"drt",2023-04-30,0.28508125
"drt",2023-05-01,0.284435416666667
"drt",2023-05-02,0.283485416666667
"drt",2023-05-03,0.282854166666667
"drt",2023-05-04,0.28251875
"drt",2023-05-05,0.282135416666667
"drt",2023-05-06,0.281508333333333
"drt",2023-05-07,0.280852083333333
"drt",2023-05-08,0.280427083333333
"drt",2023-05-09,0.28095625
"drt",2023-05-10,0.2857125
"drt",2023-05-11,0.303833333333333
"drt",2023-05-12,0.343466666666667
"drt",2023-05-13,0.32419375
"drt",2023-05-14,0.314516666666667
"drt",2023-05-15,0.31169375
"drt",2023-05-16,0.310310416666667
"drt",2023-05-17,0.309495833333333
"drt",2023-05-18,0.306810416666667
"drt",2023-05-19,0.305227083333333
"drt",2023-05-20,0.304720833333333
"drt",2023-05-21,0.304214583333333
"drt",2023-05-22,0.302939583333333
"drt",2023-05-23,0.301729166666667
"drt",2023-05-24,0.300020833333333
"drt",2023-05-25,0.297920833333333
"drt",2023-05-26,0.296179166666667
"drt",2023-05-27,0.294004166666667
"drt",2023-05-28,0.291839583333333
"drt",2023-05-29,0.29003125
"drt",2023-05-30,0.288558333333333
"drt",2023-05-31,0.286275
"drt",2023-06-01,0.283820833333333
"drt",2023-06-02,0.284835416666667
"drt",2023-06-03,0.289758333333333
"drt",2023-06-04,0.29088125
"drt",2023-06-05,0.290433333333333
"drt",2023-06-06,0.288745833333333
"drt",2023-06-07,0.287070833333333
"drt",2023-06-08,0.284283333333333
"drt",2023-06-09,0.281164583333333
"drt",2023-06-10,0.27844375
"drt",2023-06-11,0.276204166666667
"drt",2023-06-12,0.28569375
"drt",2023-06-13,0.3066
"drt",2023-06-14,0.299804166666667
"drt",2023-06-15,0.294833333333333
"drt",2023-06-16,0.29108125
"drt",2023-06-17,0.28699375
"drt",2023-06-18,0.2815
"drt",2023-06-19,0.273575
"drt",2023-06-20,0.265330097087379
"drt",2023-06-21,0.259706666666667
"drt",2023-06-22,0.25274
"drt",2023-06-23,0.247795
"drt",2023-06-24,0.24064
"drt",2023-06-25,0.232875
"drt",2023-06-26,0.22557
"drt",2023-06-27,0.217783333333333
"drt",2023-06-28,0.210676666666667
"drt",2023-06-29,0.205481666666667
"drt",2023-06-30,0.20833
"drt",2023-07-01,0.20629
"drt",2023-07-02,0.20236
"drt",2023-07-03,0.198658333333333
"drt",2023-07-04,0.20453
"drt",2023-07-05,0.229705
"drt",2023-07-06,0.224653333333333
"drt",2023-07-07,0.217635
"drt",2023-07-08,0.216631666666667
"drt",2023-07-09,0.225828333333333
"drt",2023-07-10,0.216478333333333
"drt",2023-07-11,0.205741666666667
"drt",2023-07-12,0.19615
"drt",2023-07-13,0.189633333333333
"drt",2023-07-14,0.1853
"drt",2023-07-15,0.18285
"drt",2023-07-16,0.180075
"drt",2023-07-17,0.177221666666667
"drt",2023-07-18,0.174593333333333
"drt",2023-07-19,0.172103333333333
"drt",2023-07-20,0.218153333333333
"drt",2023-07-21,0.289058333333333
"drt",2023-07-22,0.275256666666667
"drt",2023-07-23,0.262648333333333
"drt",2023-07-24,0.248978333333333
"drt",2023-07-25,0.23473
"drt",2023-07-26,0.221825
"drt",2023-07-27,0.21304
"drt",2023-07-28,0.205676666666667
"drt",2023-07-29,0.199885
"drt",2023-07-30,0.194481666666667
"drt",2023-07-31,0.199166666666667
"drt",2023-08-01,0.261151666666667
"drt",2023-08-02,0.25548
"drt",2023-08-03,0.279988333333333
"drt",2023-08-04,0.283238333333333
"drt",2023-08-05,0.272758333333333
"drt",2023-08-06,0.262358333333333
"drt",2023-08-07,0.262736666666667
"drt",2023-08-08,0.269811666666667
"drt",2023-08-09,0.26719
"drt",2023-08-10,0.257391666666667
"drt",2023-08-11,0.243716666666667
"drt",2023-08-12,0.230345
"drt",2023-08-13,0.218623333333333
"drt",2023-08-14,0.208
"drt",2023-08-15,0.198015
"drt",2023-08-16,0.188818333333333
"drt",2023-08-17,0.188136363636364
"drt",2023-10-01,0.132933810375671
"drt",2023-10-02,0.137274368231047
"drt",2023-10-03,0.136833631484794
"drt",2023-10-04,0.129968421052632
"drt",2023-10-05,0.128502636203866
"drt",2023-10-06,0.127162587412587
"drt",2023-10-07,0.129467600700525
"drt",2023-10-08,0.130124780316344
"drt",2023-10-09,0.129070298769772
"drt",2023-10-10,0.130597173144876
"drt",2023-10-11,0.127604240282686
"drt",2023-10-12,0.134111111111111
"drt",2023-10-13,0.132803921568627
"drt",2023-10-14,0.126792682926829
"drt",2023-10-15,0.129059649122807
"drt",2023-10-16,0.130040421792619
"drt",2023-10-17,0.130273368606702
"drt",2023-10-18,0.131065719360568
"drt",2023-10-19,0.130371225577265
"drt",2023-10-20,0.135825852782765
"drt",2023-10-21,0.137915315315315
"drt",2023-10-22,0.135120071684588
"drt",2023-10-23,0.139419529837251
"drt",2023-10-24,0.139827898550725
"drt",2023-10-25,0.139686594202899
"drt",2023-10-26,0.137267631103074
"drt",2023-10-27,0.121542105263158
"drt",2023-10-28,0.123258680555556
"drt",2023-10-29,0.123954861111111
"drt",2023-10-30,0.125534722222222
"drt",2023-10-31,0.121755208333333
"drt",2023-11-01,0.122236013986014
"drt",2023-11-02,0.122877835951134
"drt",2023-11-03,0.132655855855856
"drt",2023-11-04,0.131830935251799
"drt",2023-11-05,0.128892857142857
"drt",2023-11-06,0.130598566308244
"drt",2023-11-07,0.12773440285205
"drt",2023-11-08,0.125438721136767
"drt",2023-11-09,0.119732638888889
"drt",2023-11-10,0.123404181184669
"drt",2023-11-11,0.123060763888889
"drt",2023-11-12,0.12304920913884
"drt",2023-11-13,0.122877192982456
"drt",2023-11-14,0.123556338028169
"drt",2023-11-15,0.12160701754386
"drt",2023-11-16,0.121611599297012
"drt",2023-11-17,0.122253968253968
"drt",2023-11-18,0.12297539543058
"drt",2023-11-19,0.117917398945518
"drt",2023-11-20,0.116776041666667
"drt",2023-11-21,0.118793402777778
"drt",2023-11-22,0.121384615384615
"drt",2023-11-23,0.116662608695652
"drt",2023-11-24,0.121059027777778
"drt",2023-11-25,0.122873263888889
"drt",2023-11-26,0.125362847222222
"drt",2023-11-27,0.124859375
"drt",2023-11-28,0.1230625
"drt",2023-11-29,0.124979166666667
"drt",2023-11-30,0.127237847222222
"drt",2023-12-01,0.126453125
"drt",2023-12-02,0.128708333333333
"drt",2023-12-03,0.126005208333333
"drt",2023-12-04,0.126112847222222
"drt",2023-12-05,0.134685763888889
"drt",2023-12-06,0.138404181184669
"drt",2023-12-07,0.144914930555556
"drt",2023-12-08,0.142315972222222
"drt",2023-12-09,0.143328125
"drt",2023-12-10,0.139397569444444
"drt",2023-12-11,0.136095652173913
"drt",2023-12-12,0.135477430555556
"drt",2023-12-13,0.130573913043478
"drt",2023-12-14,0.149048913043478
"drt",2023-12-15,0.137897212543554
"drt",2023-12-16,0.140814236111111
"drt",2023-12-17,0.141522569444444
"drt",2023-12-18,0.140208333333333
"drt",2023-12-19,0.138140625
"drt",2023-12-20,0.139710069444444
"drt",2023-12-21,0.138831597222222
"drt",2023-12-22,0.14015625
"drt",2023-12-23,0.139173611111111
"drt",2023-12-24,0.141677083333333
"drt",2023-12-25,0.140725694444444
"drt",2023-12-26,0.136324652777778
"drt",2023-12-27,0.136095486111111
"drt",2023-12-28,0.135722222222222
"drt",2023-12-29,0.131692708333333
"drt",2023-12-30,0.131770833333333
"drt",2023-12-31,0.134753472222222
"drt",2024-01-01,0.131074652777778
"drt",2024-01-02,0.133029513888889
"drt",2024-01-03,0.133486111111111
"drt",2024-01-04,0.133442708333333
"drt",2024-01-05,0.133435763888889
"drt",2024-01-06,0.133255208333333
"drt",2024-01-07,0.132621527777778
"drt",2024-01-08,0.132770833333333
"drt",2024-01-09,0.134059027777778
"drt",2024-01-10,0.133416666666667
"drt",2024-01-11,0.130789565217391
"drt",2024-01-12,0.133626736111111
"drt",2024-01-13,0.133555555555556
"drt",2024-01-14,0.132494791666667
"drt",2024-01-15,0.133324652777778
"drt",2024-01-16,0.132819444444444
"drt",2024-01-17,0.129378472222222
"drt",2024-01-18,0.129484375
"drt",2024-01-19,0.132118055555556
"drt",2024-01-20,0.128677083333333
"drt",2024-01-21,0.125763888888889
"drt",2024-01-22,0.132429577464789
"drt",2024-01-23,0.133067944250871
"drt",2024-01-24,0.145611012433393
"drt",2024-01-25,0.145511586452763
"drt",2024-01-26,0.156594202898551
"drt",2024-01-27,0.149741472172352
"drt",2024-01-28,0.15577938517179
"drt",2024-01-29,0.162496376811594
"drt",2024-01-30,0.16795652173913
"drt",2024-01-31,0.169213768115942
"drt",2024-02-01,0.171541666666667
"drt",2024-02-02,0.17230615942029
"drt",2024-02-03,0.180048913043478
"drt",2024-02-04,0.193911231884058
"drt",2024-02-05,0.200768115942029
"drt",2024-02-06,0.208521739130435
"drt",2024-02-07,0.220572463768116
"drt",2024-02-08,0.231907608695652
"drt",2024-02-09,0.235969202898551
"drt",2024-02-10,0.237222826086957
"drt",2024-02-11,0.230367753623188
"drt",2024-02-12,0.222403985507246
"drt",2024-02-13,0.22195652173913
"drt",2024-02-14,0.224204710144928
"drt",2024-02-15,0.228902173913043
"drt",2024-02-16,0.233028985507246
"drt",2024-02-17,0.233429347826087
"drt",2024-02-18,0.231400362318841
"drt",2024-02-19,0.236755434782609
"drt",2024-02-20,0.245494565217391
"drt",2024-02-21,0.252768115942029
"drt",2024-02-22,0.256894927536232
"drt",2024-02-23,0.255913043478261
"drt",2024-02-24,0.255253623188406
"drt",2024-02-25,0.255047101449275
"drt",2024-02-26,0.255530797101449
"drt",2024-02-27,0.254766304347826
"drt",2024-02-28,0.251768115942029
"drt",2024-02-29,0.253007246376812
"drt",2024-03-01,0.253536231884058
"drt",2024-03-02,0.254063405797101
"drt",2024-03-03,0.253981884057971
"drt",2024-03-04,0.252865942028985
"drt",2024-03-05,0.252086956521739
"drt",2024-03-06,0.252670289855072
"drt",2024-03-07,0.252295289855072
"drt",2024-03-08,0.252454710144928
"drt",2024-03-09,0.253177536231884
"drt",2024-03-10,0.254675724637681
"drt",2024-03-11,0.254422101449275
"drt",2024-03-12,0.254528985507246
"drt",2024-03-13,0.254836956521739
"drt",2024-03-14,0.25576268115942
"drt",2024-03-15,0.261570652173913
"drt",2024-03-16,0.278809782608696
"drt",2024-03-17,0.299153985507246
"drt",2024-03-18,0.299394927536232
"drt",2024-03-19,0.294960144927536
"drt",2024-03-20,0.292453416149068
"drt",NA,0.31
